{
  "variants": {
    "snowy=false": [
      {
        "model": "minecraft:block/podzol/podzol" , 	  	   "weight": 5
      },
      {
        "model": "minecraft:block/podzol/podzol_1", 		  "weight": 5
      },
      {
        "model": "minecraft:block/podzol/podzol_2",
        "weight": 2
      }
    ],
    "snowy=true": [
      {
        "model": "minecraft:block/grass_block_snow/grass_block_snow" , 	  	   "weight": 5
      },
      {
        "model": "minecraft:block/grass_block_snow/grass_block_snow_1", 		  "weight": 5
      },
      {
        "model": "minecraft:block/grass_block_snow/grass_block_snow_2",
        "weight": 2
      }
    ]
  }
}
