{
	"credit": "Made with Blockbench",
	"parent": "block/block",
	"textures": {
		"2": "block/anvil_2",
		"3": "block/anvil_3",
		"particle": "block/anvil_1",
		"body": "block/anvil_1"
	},
	"elements": [
		{
			"name": "Anvil base",
			"from": [2, 0, 2],
			"to": [14, 4, 14],
			"faces": {
				"north": {"uv": [0, 12, 12, 16], "texture": "#2"},
				"east": {"uv": [16, 0, 12, 12], "rotation": 270, "texture": "#2"},
				"south": {"uv": [0, 12, 12, 16], "texture": "#2"},
				"west": {"uv": [12, 0, 16, 12], "rotation": 90, "texture": "#2"},
				"up": {"uv": [0, 0, 12, 12], "rotation": 180, "texture": "#2"},
				"down": {"uv": [0, 0, 12, 12], "rotation": 180, "texture": "#2", "cullface": "down"}
			}
		},
		{
			"name": "Lower narrow portion",
			"from": [4, 4, 3],
			"to": [12, 5, 13],
			"faces": {
				"north": {"uv": [2, 11, 10, 12], "texture": "#3"},
				"east": {"uv": [14, 0, 13, 10], "rotation": 270, "texture": "#3"},
				"south": {"uv": [2, 11, 10, 12], "texture": "#3"},
				"west": {"uv": [13, 0, 14, 10], "rotation": 90, "texture": "#3"},
				"up": {"uv": [2, 0, 10, 10], "rotation": 180, "texture": "#3"}
			}
		},
		{
			"name": "Wider section beneath top portion",
			"from": [6, 5, 4],
			"to": [10, 10, 12],
			"faces": {
				"north": {"uv": [0, 11, 4, 16], "texture": "#body"},
				"east": {"uv": [10, 6, 5, 14], "rotation": 270, "texture": "#body"},
				"south": {"uv": [0, 11, 4, 16], "texture": "#body"},
				"west": {"uv": [5, 6, 10, 14], "rotation": 90, "texture": "#body"}
			}
		},
		{
			"name": "Anvil top",
			"from": [3, 10, 0],
			"to": [13, 16, 16],
			"faces": {
				"north": {"uv": [0, 0, 10, 6], "texture": "#body"},
				"east": {"uv": [16, 0, 10, 16], "rotation": 270, "texture": "#body"},
				"south": {"uv": [0, 0, 10, 6], "texture": "#body"},
				"west": {"uv": [10, 0, 16, 16], "rotation": 90, "texture": "#body"},
				"up": {"uv": [3, 0, 13, 16], "rotation": 180, "texture": "#top"},
				"down": {"uv": [3, 0, 13, 16], "rotation": 180, "texture": "#body"}
			}
		}
	],
	"display": {
		"fixed": {
			"rotation": [0, 90, 0],
			"scale": [0.5, 0.5, 0.5]
		}
	}
}